tag,question_principale*,questions_alternatives,reponse_courte,reponse_longue*,categorie*,mots_cles,priorite,tags_associes,icone,source,url_source,valide_jusqua
labo_metrologie,Es ce que le laboratoire métrologie est accrédité ,es ce que le CETIM est accrédité en métrologie | Le laboratoire est il reconu à l'échelle international pour l'étalonnage | ISO 17025 étalonnage | ISO/IEC 17025 étalonnage des équipements | Le laboratoire est accrédité par Algerac en étalonnage,Oui le CETIM est accrédité par Algerac en étaonnage des équipements de mesure en plusieurs grandeurs,"Oui le CETIM est accrédité par Algerac en étaonnage des équipements de mesure en plusieurs grandeurs (exemple: température sur site et  laboratoire, pesage, masse) selon l'annexe tecnique publié sur le site d'Algerac",Métrologie,Accréditation étalonnage | ISO/IEC 17025 étalonnage | prestations accrédité | Algerac ,5,,,Site d'Algerac,,à mettre à jour anuellement
labo_metrologie,es ce que le CETIM réalise l'étalonnage des manomètres de pression,es ce que le CETIM est accrédité en pression | le laboratoire étalonne les manomètres | le laboratoire étalonne les transmetteurs de pression | le laboratoire étalonne le capeurs manomètriques,Non le CETIM ne réalise actuellement pas ce type de prestation,Non le CETIM ne réalise actuellement pas ce type de prestation,Métrologie,Pression | manometre | tranemtteur de pression  capteur de pression ,8,,,Prestations CETIM,,à mettre à jour anuellement
labo_metrologie,Quels sont les étalonnages réalisés par le laboratoire métrologie,quels sont toutes les prestations réalisées par le sevice métrologie | quel est la liste des prestations métrologie | quel types d'étalonnages vous réalisez | ,"Les laboratoires  de métrologie réalise un large champs de prestations dans divers domaines, accrédité et hors accréditation ","Les laboratoires de métrologie du CETIM réalisent un très grand nombre de prestations d'étalonnage, une partie accrédité (selon l'annee tecnique publié sur le site d'Algerac) et d'autres hors accréditation, globalement le laboratoire opère dans les domaines: Force en traction et compression, Dimensionnel (pièd à coulisse, micromètre, palmeur, etc), Température ( bains liquides, enceintes climatiques, fours, étuve, thermomtre, etc), Balances, masses.",Métrologie,Etalonnage | force | dimensionel | Température | prestations | hors acrréditaions ,5,,,Prestations CETIM,,à mettre à jour anuellement
labo_metrologie,es ce que le CETIM réalise l'étalonnage en grandeur électriques,es ce que le CETIM est accrédité en électricité HT/ BT | le laboratoire étalonne les wattmètres | le laboratoire étalonne les oscilloscopes  | le laboratoire étalonne le capeurs de hauet tension | étalonnage des generateurs de signaux analogiques et numériques |,Non le CETIM ne réalise actuellement pas ce type de prestation,Non le CETIM ne réalise actuellement pas ce type de prestation,Métrologie,Pression | manometre | tranemtteur de pression  capteur de pression ,8,,,Prestations CETIM,,à mettre à jour anuellement
labo_metrologie,Quel est la durée de réalisation d'une prestation d'étalonnage,Délais de l'étalonnage | Temps necessaire pour l'étalonnage | durée du raccordement | temps necessaire pour l'étalonnage | durée de sejour des équipments à étalonner au niveau du laboratoire,"Le  délais de réalisation de l'étalonnage déponds de plusieurs facteurs, pour plus d'informations veuillez envoyer votre demande par Email pour étude de faisablitité et estimation des délais ","Le délais de réalisation de l'étalonnage dépond du nombre et de la nature des équipements à étalonner et des engagements préaables du laboratoire métrologie, veuillez envoyer votre demande détaillée par Email afin d'obtenir une estimation des délais",Métrologie,Délais | durée | temps de réalisation | ,5,,,,,Valid
labo_metrologie,Es ce que vous rélisez l'étalonnage d'une Etuve,Es ce que le cetim réalise la caractérisation d'une étuve | Réaliez vous la caractérisation d'une enceinte tthermostatique ou climatique | Caractérisation d'une étuve selon FDX 15 140 | Qualification d'une étuve | qualification d'un réfrigérateur | qualification d'une chambre froide ,"Oui, le laboratoire métrologie du CETIM réalise la caractérisation des enceintes thermostatiques et climatiques ","Le CETIM réalise la caractérisaion des enceintes thermostatiques (étuve, chambre froide positive ou négative, zone de stockage, incubateur, etc) et des enceintes climatiques selon la FDX 15 140, sur une étendue de -39°C à 200°C ",Métrologie,Enceinte | étuve | chambre froide | incubateur | FDX 15 140,10,,,Prestations CETIM,,à mettre à jour anuellement
labo_metrologie,Es ce que vous étalonnez les machines de force,Es ce que le cetim réalise l'étalonnage d'une machine de traction | Etalonnage d'un capteur de force | Etalonnage d'une machine de compression | étalonnage d'une machine à béton | ,"Oui, nous réalisons l'étalonnage des machines d'essai avec déclaration de conformité (classement) ","Oui, nous réalisons l'étalonnage des machines d'essai avec déclaration de conformité (classement) pour la traction, flexion et compression. Pour la flexion et compression nous disposons des chaines de mesure de force étalons de 0,25kN à 3000kN.",Métrologie,Machine de force  | Presse à béton  | force  | compression  | flexion  | traction  | macine d'essai,10,,,Prestations CETIM,,à mettre à jour anuellement
labo_metrologie,es ce que vous étalonnez les balances,Etalonnage des IPFNA |  caractérisation d'une balance |  qualification d'une balance |  balance de précision |  microbalance |  balance analtique |  semi microbalance |  thermobalance,Le laboratoire métrologie du CETIM réalise l'étalonnage des IPFNA (balances) ,"Le laboratoire métrologie du CETIM est accrédité dans le domaine pesage: étalonnage des IPFNA de 1g à 10g, et réalise les étalonnages hors accréditation de 10kg à 150kg avec assurence de la tracabilité métrologique",Métrologie,Balance  | IPFNA  | balance analytique  | pesage  | balance de laboratoire  | accréditation,10,,,Site d'Algerac,,à mettre à jour anuellement
labo_metrologie,es ce que vous étalonnez les ponts bascules,Etalonnage des jauges de force  | tonnage  ,Non le CETIM ne réalise actuellement pas ce type de prestation,Non le CETIM réalise uniquement l'étalonnage des balances et instruments de pesage jusqu'à 150kg maximum,Métrologie,Balance  | IPFNA  | balance analytique  | pesage  | balance de laboratoire  | accréditation,10,,,,,à mettre à jour anuellement
labo_metrologie,es ce que vous étalonnez les masses,Etalonnage des poids | étalonnage des masses manométriques | série de poids | masse individuelle | coffret de masse | masse étalon | masse classe F | masse classe  M | masse classe E2 | masse classe E1,Oui le CETIM est accrédité par Algerac en étaonnage des poids et masses sur diverses classes,"Oui le CETIM est accrédité par Algerac en étaonnage des poids classes M et F (M1, M2, M3, F2 et F1) de 1mg à 10kg",Métrologie,classes  | etalonnage  | poids | masse  | accréditation,10,,,,,à mettre à jour anuellement
labo_metrologie,es ce que vous étalonner les thermomètres ,Etalonnage des chaines de mesure de température ,"Oui le CETIM est accrédité par Algerac en étaonnage des chaine de mesure de température (Exemple: Pt100, Thermocouple, etc.)",Oui le CETIM est accrédité par Algerac en étaonnage des chaine de mesure de température de -39°C à 650°C en laboratoire et de -20°C à 550°C sur site client pour tout les types de chaines de mesures de températures numériques et analogiques à capteur externe ,Métrologie,température | thermomètre |  accréditation |  site client ,10,,,,,à mettre à jour anuellement
labo_metrologie,es ce que vous réalisez les qualifications des équipements de laboratoire parmaceutiques ,Guides BPL/  PBF  | pharmacopée  | QO/ QP  | qualification de performence et quqlification operationnelle  | qualification d'installation ,/,"Oui le CETIM réalise les qualifications opérationnelles et de performence de certains equipements (exemple: Zone de stockage, balance, étuve, etc)",Métrologie,Hvac | pharma | qualif | qualification | BPL,10,,,,,à mettre à jour anuellement
labo_metrologie,Quels sont les laboratoires de métrologie du CETIM ?,organigramme métrologie | organisation métrologie CETIM ,/,"Les laboratoires de métrologie du CETIM sont organisés en trois laboratoires : laboratoire Température/Humidité, le laboratoire Masse/Dimensionnell et le laboratoire Force.",Métrologie,,5,,,,,à mettre à jour anuellement
labo_metrologie,Es ce que les étalons utilisés sont tracables au système international,Raccordement | SI | tracabilité ,/,Le CETIM assure via les étalonnages qu'il assure la tracabilité au système internationl d'unités (SI) au moyen d'une chaine inentérompue et documentée pour toutes les prestations qu'il fournis qu'elle soient accrédités ou ors accréditation.,Métrologie,Raccordement | SI | tracabilité ,10,,,,,à mettre à jour anuellement
labo_metrologie,Quel est la méthode utilisée pour l'étalonnage,Norme | méhode d'étalonnage | ,/,Pour chaque étalonnage/ caractérisation / qualification nos laboratoires appliquent la dernire version valide d'une méthone normalisée au équivalente conformément aux bonnes pratiques du domaine.,Métrologie,Norme | méhode d'étalonnage | ,8,,,,,à mettre à jour anuellement
labo_metrologie,L'étalonnage es il réalisé sur site ou en laboratoire,lieu d'étalonnage ,/,"En fonction des pratiquues usuelles dans chaque domaine de métrologie, et en fonction des moyens du CETIM et du besoin du client, le CETIM réalise les prestation s sur sie client et en laboratoire (exmple: étalonnage d'une balance sur site client, étalonnage d'une masse en laboratoire et étalonnage d'une chaine de mesure de température en laborattoire ou sur site)",Métrologie,site  | lieu  | déplacement  | mission ,10,,,,,à mettre à jour anuellement
labo_metrologie,Quels sont les jours de reception des masses à étalonner,Dépôt des masses ,/,"Le jour de reception des masses et poids à étalonner a été fixée pour le jeudi de chaque semaine en fonction du RDV préalablement validé, si le jeudi est un jour férié la reception est réalisée le Mercredi.",Métrologie,reception  | masse  | poids  | dépôt ,10,,,,,à mettre à jour anuellement
labo_metrologie,quels sont les CMC du laboratoire métroloie du CETIM ,mailleurs incertitudes de mesure | Measurement capability | ,Les CMC du laboratoire métrologie du CETIM son publiées sur le site d'Algerac sous le numéro 1-1-046,"Les CMC du laboratoire métrologie du CETIM son publiées sur le site d'Algerac sous le numéro 1-1-046, ca correspond au meilleurs incertitudes auquelles prétend le laboratoire sur chaque domaine d'accréditation, selon le domaine la réalisation de l'étalonnage au niveau d'incetitude correspondant aux CMC n'est pas necessairement systèmatique et est réalisée uniquement à la demande du client ",Métrologie,CMC  | incertitudes  | raccordement  | SI  | tracabilité,10,,,,,à mettre à jour chaque 3 années 
labo_metrologie,Qui signe le certificat d'étalonnage (métrologie) ,/,/,Les certificats d'étalonnage sont revus et approuvés par le personnel compétent du CETIM conformément aux exigences des référentiels d'accréditation et de certifications et au système management en vigeur ,Métrologie,signature  | validation  | certificats  | rapports,10,,,,,Valid
labo_metrologie,Quelle est la fréquence d'étalonnage des équipements de mesure,quelle est la périodicité de raccordement  | période d'étalonnage | date du prochain étalonnage,/,"Les estimations des intervalles de confirmations métrologiques (périodicités) dépondent de plusieurs facteurs connus par l'utilisateur de l'équipement, aussi plusieurs normes traitent ce sujet, les laboratoires de métrologie du CETIM ne suggèrent aucune périodicité de réetalonnage.",Métrologie,Périodicité | réetalonnage | fréquence ,10,,,,,Valid